,TeenBirthRate,ZipCode,TotalBirths2012-2014,PrematureBirth,LowBirthWeight
0,5.6,14008,34.0,2.9,0.0
1,13.6,14012,67.0,10.4,6.0
2,5.1,14028,47.0,8.5,10.6
3,11.7,14067,120.0,5.8,6.7
4,3.8,14092,219.0,8.7,5.5
5,20.8,14094,1578.0,12.4,7.5
6,12.7,14105,131.0,11.5,4.6
7,6.5,14108,127.0,10.2,9.4
8,14.3,14120,1249.0,11.9,9.0
9,16.5,14131,136.0,16.3,9.6
10,17.9,14132,140.0,8.6,5.0
11,15.6,14172,78.0,15.4,5.1
12,2.0,14174,97.0,14.4,5.2
13,68.3,14301,638.0,18.3,10.7
14,59.5,14303,270.0,17.4,9.3
15,18.7,14304,878.0,15.3,8.9
16,39.0,14305,677.0,17.4,13.0
17,21.7,Total,6486.0,13.7,8.7
18,7.9,14001,230.0,12.3,7.4
19,8.1,14004,267.0,12.0,8.6
20,15.9,14006,238.0,13.4,11.8
21,6.3,14025,87.0,4.6,4.6
22,,14026,25.0,4.0,0.0
23,5.8,14030,48.0,12.5,10.4
24,1.0,14031,182.0,6.0,5.5
25,0.0,14032,179.0,9.0,6.7
26,4.7,14033,46.0,2.2,2.2
27,39.2,14034,66.0,10.6,7.6
28,7.9,14043,679.0,12.1,5.7
29,6.5,14047,149.0,8.1,2.7
30,1.4,14051,419.0,9.8,6.4
31,2.8,14052,378.0,8.7,4.5
32,14.2,14055,28.0,14.3,3.6
33,5.9,14057,179.0,5.6,3.4
34,1.1,14059,173.0,8.1,5.2
35,2.5,14068,145.0,6.9,7.6
36,,14069,15.0,6.7,0.0
37,27.9,14070,140.0,12.1,9.3
38,6.5,14072,522.0,11.5,6.7
39,7.6,14075,1100.0,9.6,7.0
40,7.2,14080,106.0,6.7,3.8
41,19.1,14081,95.0,14.7,7.4
42,3.9,14085,236.0,6.8,7.2
43,3.4,14086,888.0,9.1,6.3
44,37.0,14091,49.0,14.3,2.0
45,0.0,14102,23.0,21.7,8.7
46,12.0,14111,115.0,13.9,5.2
47,1.4,14127,698.0,12.1,8.7
48,4.5,14139,64.0,9.7,4.7
49,15.3,14141,198.0,6.6,8.1
50,18.2,14150,1285.0,11.1,6.8
51,13.0,14170,51.0,7.8,7.8
52,62.0,14201,554.0,16.8,10.1
53,57.7,14202,113.0,12.4,7.1
54,38.8,14203,61.0,18.0,13.1
55,48.1,14204,396.0,17.7,13.6
56,42.3,14206,850.0,12.7,10.6
57,66.6,14207,1363.0,13.7,9.0
58,27.9,14208,375.0,13.9,12.0
59,38.9,14209,254.0,13.0,11.8
60,40.6,14210,653.0,12.3,9.6
61,66.6,14211,1174.0,16.5,12.5
62,66.7,14212,604.0,15.6,12.1
63,42.4,14213,1474.0,15.7,9.7
64,14.8,14214,610.0,17.6,11.6
65,57.9,14215,1856.0,14.7,11.9
66,21.1,14216,857.0,13.4,10.4
67,13.4,14217,774.0,8.4,5.8
68,34.9,14218,842.0,11.9,9.9
69,17.5,14219,349.0,10.9,6.6
70,26.0,14220,1021.0,10.6,6.5
71,2.1,14221,1225.0,7.8,5.6
72,4.1,14222,267.0,10.9,6.4
73,11.9,14223,742.0,12.0,7.0
74,7.4,14224,1041.0,10.5,6.9
75,24.3,14225,1160.0,12.8,8.0
76,6.3,14226,999.0,9.9,7.7
77,8.9,14227,680.0,10.9,7.4
78,3.9,14228,653.0,9.0,6.1
80,66.5,14048,599.0,14.5,9.3
81,12.7,14062,80.0,16.3,8.8
82,4.1,14063,259.0,13.9,8.9
83,13.7,14136,175.0,8.0,6.3
84,47.7,14701,1549.0,11.1,7.7
85,24.0,14710,99.0,5.5,5.1
86,14.8,14712,59.0,10.2,8.5
87,34.6,14716,72.0,13.9,8.3
88,27.1,14718,54.0,17.0,9.3
89,17.2,14723,32.0,4.3,3.1
90,12.9,14724,109.0,9.5,6.4
91,9.3,14728,34.0,7.1,2.9
92,31.3,14733,123.0,3.6,3.3
93,,14736,13.0,7.7,0.0
94,8.5,14738,111.0,10.4,9.0
95,21.3,14740,30.0,4.2,6.7
96,23.3,14747,73.0,18.8,5.5
97,12.7,14750,95.0,11.6,2.1
98,9.3,14757,95.0,6.8,4.2
99,13.9,14767,93.0,11.2,3.2
100,,14769,24.0,16.7,20.8
101,51.3,14775,78.0,12.8,9.0
102,30.7,14781,68.0,4.4,2.9
103,21.6,14782,82.0,14.6,13.4
104,0.0,14784,42.0,10.5,4.8
105,21.1,14787,132.0,7.6,2.3
107,2.7,12009,193.0,3.1,4.7
108,5.7,12023,55.0,10.9,7.3
109,,12041,11.0,18.2,0.0
110,,12046,15.0,6.7,6.7
111,29.6,12047,719.0,10.3,7.5
112,3.5,12054,414.0,10.6,8.0
113,5.8,12059,40.0,12.5,5.0
114,7.6,12067,36.0,5.6,5.6
115,1.3,12077,151.0,9.3,5.3
116,3.7,12084,194.0,11.3,10.3
117,4.8,12110,479.0,11.9,7.7
118,,12120,23.0,17.4,13.0
119,21.4,12143,186.0,9.7,9.1
120,,12147,12.0,8.3,0.0
121,7.8,12158,220.0,10.9,6.4
122,1.3,12159,142.0,4.2,2.1
123,19.6,12183,94.0,7.5,8.5
124,3.6,12186,129.0,5.4,2.3
125,18.7,12189,662.0,10.6,8.0
126,9.8,12193,55.0,9.1,3.6
127,52.7,12202,547.0,13.0,12.1
128,2.9,12203,715.0,10.1,5.6
129,20.6,12204,293.0,11.9,9.9
130,16.0,12205,805.0,11.9,8.9
131,63.1,12206,885.0,12.7,11.1
132,31.5,12207,80.0,18.8,18.8
133,17.0,12208,712.0,10.1,6.3
134,27.0,12209,431.0,9.7,8.1
135,59.6,12210,425.0,13.9,12.2
136,2.6,12211,240.0,15.4,7.9
137,,12469,11.0,0.0,0.0
139,,14060,17.0,23.5,17.6
140,29.0,14709,74.0,14.3,5.4
141,71.4,14711,75.0,11.0,5.3
142,,14714,17.0,5.9,5.9
143,22.7,14715,118.0,13.6,11.0
144,0.0,14717,13.0,0.0,0.0
145,,14721,11.0,9.1,18.2
146,24.9,14727,152.0,12.1,10.5
147,25.9,14735,140.0,4.5,2.9
148,45.1,14739,104.0,10.6,7.7
149,2.2,14744,44.0,10.0,4.5
150,43.0,14754,15.0,26.7,20.0
151,,14777,22.0,13.6,0.0
152,0.0,14802,19.0,5.3,5.3
153,0.0,14803,41.0,4.9,2.4
154,14.7,14804,36.0,2.8,0.0
155,17.3,14806,68.0,5.9,5.9
156,15.7,14813,53.0,13.2,3.8
157,8.5,14822,35.0,11.4,5.7
158,18.9,14880,47.0,10.6,4.3
159,27.9,14895,281.0,9.0,6.4
160,,14897,35.0,17.1,11.4
162,11.1,13744,39.0,15.4,15.4
163,11.6,13746,67.0,10.6,9.0
164,19.3,13748,98.0,8.2,6.1
165,26.8,13754,90.0,11.1,4.4
166,20.5,13760,1419.0,9.6,7.6
167,,13777,30.0,10.0,3.3
168,30.3,13787,102.0,5.9,4.9
169,31.8,13790,695.0,8.8,5.8
170,10.7,13795,132.0,9.9,9.8
171,23.0,13797,93.0,12.9,7.5
172,,13802,13.0,0.0,7.7
173,,13813,27.0,3.7,11.1
174,9.5,13833,107.0,4.7,2.8
175,2.1,13850,525.0,9.7,7.0
176,25.1,13862,159.0,6.3,8.2
177,28.2,13865,182.0,10.4,6.6
178,25.1,13901,712.0,10.8,7.2
179,26.9,13903,653.0,10.3,6.6
180,24.2,13904,287.0,8.7,9.4
181,36.1,13905,927.0,13.6,10.7
183,18.1,14042,179.0,12.9,10.1
184,27.3,14065,91.0,11.4,8.8
185,19.2,14101,43.0,18.6,20.9
186,41.7,14129,62.0,6.5,0.0
187,34.6,14138,101.0,9.9,8.9
188,21.5,14171,50.0,18.0,16.0
189,4.7,14706,161.0,11.8,7.5
190,18.5,14719,119.0,11.5,2.5
191,16.7,14726,163.0,17.9,3.7
192,,14729,25.0,13.6,12.0
193,16.3,14731,25.0,4.0,4.0
194,15.7,14737,137.0,9.8,8.0
195,24.7,14741,45.0,13.3,4.4
196,26.1,14743,39.0,20.5,2.6
197,,14748,38.0,13.2,2.6
198,0.0,14753,32.0,6.3,9.4
199,35.7,14755,93.0,13.8,9.7
200,34.5,14760,661.0,11.3,7.6
201,24.8,14770,92.0,14.1,10.9
202,26.3,14772,185.0,19.6,10.3
203,65.8,14779,317.0,10.4,11.7
205,25.3,13021,1230.0,10.2,6.1
206,7.0,13026,32.0,0.0,3.1
207,12.8,13033,133.0,9.8,6.8
208,10.4,13034,40.0,0.0,15.0
209,,13071,36.0,11.1,0.0
210,23.8,13081,34.0,14.7,14.7
211,18.3,13092,100.0,11.1,3.0
212,15.9,13111,51.0,11.8,9.8
213,10.3,13118,144.0,8.4,7.6
214,40.1,13140,145.0,8.3,2.8
215,13.9,13147,35.0,8.6,0.0
216,19.9,13156,61.0,8.2,8.2
217,7.9,13160,50.0,4.0,4.0
218,17.5,13166,162.0,13.6,8.6
220,0.0,14814,58.0,13.8,10.3
221,,14816,12.0,0.0,0.0
222,,14825,20.0,10.0,0.0
223,11.5,14838,54.0,14.8,16.7
224,16.6,14845,523.0,9.6,7.1
225,68.4,14861,47.0,8.5,8.5
226,8.3,14864,45.0,13.3,4.4
227,28.4,14871,100.0,14.0,8.0
228,,14872,18.0,27.8,11.1
229,25.6,14889,40.0,7.5,0.0
230,19.6,14894,47.0,17.4,10.6
231,49.4,14901,731.0,12.2,9.6
232,19.9,14903,235.0,10.6,5.5
233,50.1,14904,660.0,9.4,5.3
234,29.3,14905,308.0,9.4,6.5
236,,13136,10.0,0.0,0.0
237,,13155,17.0,0.0,5.9
238,35.9,13411,114.0,5.5,4.4
239,35.3,13460,155.0,7.1,0.0
240,27.2,13464,36.0,13.9,2.8
241,17.4,13730,74.0,4.1,2.7
242,30.5,13733,147.0,4.1,2.0
243,17.3,13778,147.0,14.3,8.2
244,,13780,23.0,4.3,4.3
245,27.8,13801,43.0,7.0,11.6
246,13.1,13809,49.0,12.5,10.2
247,28.5,13815,505.0,12.5,8.3
248,31.8,13830,142.0,5.0,2.1
249,,13832,34.0,17.6,14.7
250,,13841,16.0,18.8,6.3
251,14.5,13843,54.0,7.4,5.6
252,,13844,25.0,12.0,4.0
254,11.2,12901,867.0,8.7,7.0
255,8.3,12903,44.0,2.3,0.0
256,25.2,12910,57.0,12.3,8.8
257,22.6,12912,58.0,13.8,6.9
258,29.5,12918,69.0,7.2,4.3
259,14.9,12919,94.0,5.3,4.3
260,4.0,12921,54.0,5.6,1.9
261,,12923,16.0,6.3,0.0
262,33.3,12934,25.0,4.0,12.0
263,39.2,12935,51.0,15.7,7.8
264,,12952,21.0,14.3,14.3
265,23.4,12958,42.0,11.9,2.4
266,15.5,12959,40.0,5.0,2.5
267,15.4,12962,142.0,5.7,3.5
268,20.1,12972,147.0,7.5,4.8
269,,12978,13.0,0.0,0.0
270,51.6,12979,74.0,12.2,8.1
271,21.7,12981,106.0,3.8,4.7
272,30.3,12985,34.0,5.9,8.8
273,15.9,12992,138.0,8.7,3.6
275,,12029,15.0,20.0,13.3
276,8.3,12037,64.0,4.7,6.3
277,0.0,12060,28.0,14.3,7.1
278,0.0,12075,82.0,13.6,12.2
279,4.3,12106,60.0,10.0,5.0
280,19.6,12125,30.0,6.7,0.0
281,,12130,19.0,10.5,10.5
282,,12136,17.0,23.5,11.8
283,15.2,12173,70.0,17.1,8.6
284,16.4,12184,186.0,12.9,6.5
285,,12502,35.0,5.7,2.9
286,,12503,13.0,0.0,0.0
287,,12513,43.0,11.9,9.3
288,6.9,12516,34.0,18.2,8.8
289,,12517,15.0,7.7,0.0
290,25.6,12521,32.0,25.8,12.5
291,10.1,12523,37.0,2.7,2.7
292,17.5,12526,98.0,9.2,2.0
293,11.0,12529,41.0,13.2,7.3
294,28.7,12534,572.0,12.1,8.2
296,32.7,13040,86.0,11.8,7.0
297,12.2,13045,815.0,8.3,6.9
298,16.3,13077,181.0,9.9,3.9
299,23.8,13101,75.0,13.5,8.0
300,,13141,29.0,3.4,0.0
301,25.2,13158,59.0,15.3,11.9
302,29.5,13803,150.0,17.1,6.0
303,,13863,12.0,16.7,8.3
305,23.5,12167,93.0,19.6,14.0
306,,12406,22.0,0.0,0.0
307,25.6,12430,28.0,10.7,0.0
308,12.6,12455,36.0,19.4,19.4
309,0.0,12474,23.0,4.3,4.3
310,18.0,12760,18.0,5.6,5.6
311,,13731,17.0,5.9,5.9
312,32.3,13739,27.0,14.8,11.1
313,,13750,53.0,15.1,9.4
314,,13751,11.0,9.1,0.0
315,,13752,19.0,0.0,0.0
316,3.6,13753,118.0,6.8,4.2
317,9.8,13755,27.0,11.1,7.4
318,20.8,13757,36.0,13.9,5.6
319,8.1,13775,24.0,12.5,4.2
320,,13782,24.0,20.8,16.7
321,11.9,13783,59.0,14.3,11.9
322,,13788,37.0,8.1,5.4
323,,13804,16.0,0.0,0.0
324,29.2,13838,157.0,8.9,8.3
325,32.5,13839,42.0,9.5,7.1
326,,13842,12.0,16.7,16.7
327,18.9,13856,177.0,8.5,6.2
329,13.5,12501,57.0,14.6,7.0
330,13.2,12508,618.0,7.1,7.6
331,3.1,12514,43.0,4.7,2.3
332,16.7,12522,131.0,11.0,9.2
333,2.4,12524,392.0,8.9,4.6
334,2.8,12531,73.0,8.5,2.7
335,3.7,12533,625.0,13.9,10.4
336,13.7,12538,353.0,12.2,9.6
337,2.2,12540,149.0,17.6,13.4
338,3.3,12545,112.0,12.7,7.1
339,8.1,12546,75.0,7.3,6.7
340,1.4,12564,160.0,11.3,8.1
341,21.6,12567,64.0,11.5,9.4
342,7.6,12569,237.0,10.6,7.6
343,3.8,12570,182.0,14.0,7.1
344,3.0,12571,190.0,9.6,6.8
345,8.0,12572,158.0,5.7,7.0
346,0.0,12578,44.0,4.5,2.3
347,10.0,12580,91.0,7.7,6.6
348,0.0,12581,50.0,2.2,4.0
349,1.9,12582,98.0,8.2,3.1
350,3.1,12583,39.0,2.6,5.1
351,8.9,12590,1039.0,9.8,6.8
352,28.6,12592,35.0,10.7,2.9
353,4.6,12594,92.0,6.2,6.5
354,16.6,12601,1676.0,12.6,8.6
355,10.5,12603,1222.0,10.2,7.2
357,8.3,12870,38.0,0.0,0.0
358,23.0,12883,122.0,9.9,4.9
359,0.0,12913,19.0,0.0,0.0
360,0.0,12928,34.0,0.0,0.0
361,9.0,12932,17.0,0.0,0.0
362,,12936,13.0,7.7,0.0
363,35.1,12941,38.0,5.3,0.0
364,,12942,12.0,0.0,8.3
365,36.5,12944,130.0,13.1,6.9
366,6.4,12946,119.0,5.0,2.5
367,,12950,25.0,8.0,8.0
368,39.2,12956,57.0,12.3,5.3
369,,12960,21.0,4.8,4.8
370,7.9,12974,27.0,22.2,14.8
371,20.0,12993,27.0,3.7,3.7
372,6.0,12996,38.0,10.5,5.3
373,7.4,12997,15.0,0.0,0.0
375,,12914,62.0,5.2,3.2
376,31.5,12916,107.0,12.1,6.5
377,6.8,12917,63.0,12.7,7.9
378,11.2,12920,69.0,17.4,8.7
379,32.0,12926,76.0,6.7,5.3
380,,12930,19.0,11.8,5.3
381,50.7,12937,63.0,9.5,6.3
382,27.2,12953,316.0,8.5,6.6
383,33.3,12957,60.0,11.7,11.7
384,26.8,12966,110.0,7.3,8.2
385,24.4,12980,25.0,16.0,4.0
386,17.9,12983,185.0,7.0,6.5
387,26.9,12986,154.0,9.1,6.5
388,0.0,12989,27.0,3.7,3.7
389,16.8,13655,129.0,8.6,7.0
391,12.9,12025,140.0,4.3,4.3
392,,12032,23.0,17.4,17.4
393,41.7,12078,809.0,11.1,7.9
394,10.6,12095,316.0,9.5,7.9
395,16.1,12117,58.0,5.2,1.7
396,21.1,12134,83.0,9.6,4.8
397,,13470,24.0,4.3,4.2
399,5.2,14005,52.0,0.0,7.7
400,36.5,14013,70.0,14.3,10.0
401,21.5,14020,750.0,9.3,5.6
402,5.9,14036,119.0,9.2,5.0
403,18.8,14040,46.0,15.2,8.7
404,0.0,14054,47.0,6.4,4.3
405,3.7,14058,58.0,8.6,5.2
406,11.7,14125,124.0,14.5,8.9
407,,14143,38.0,7.9,2.6
408,9.7,14416,90.0,12.2,4.4
409,11.1,14422,73.0,15.1,9.6
410,19.2,14482,281.0,8.9,4.6
411,17.0,14525,83.0,8.4,3.6
413,17.5,12015,82.0,19.5,7.3
414,,12042,16.0,0.0,12.5
415,6.2,12051,98.0,12.2,9.2
416,6.5,12058,38.0,5.3,2.6
417,5.7,12083,100.0,14.0,7.0
418,0.0,12087,30.0,33.3,16.7
419,8.9,12192,39.0,5.1,2.6
420,,12405,19.0,10.5,15.8
421,33.3,12413,101.0,9.9,9.9
422,22.3,12414,316.0,15.8,8.9
423,,12418,19.0,0.0,0.0
424,22.2,12423,32.0,21.9,25.0
425,,12427,24.0,4.2,0.0
426,25.0,12431,40.0,12.5,17.5
427,,12442,22.0,13.6,9.1
428,,12444,17.0,11.8,5.9
429,25.6,12451,37.0,13.5,8.1
430,,12460,14.0,7.1,7.1
431,31.0,12463,51.0,3.9,3.9
432,7.6,12468,29.0,0.0,0.0
433,,12470,20.0,5.0,5.0
434,,12473,22.0,4.5,4.5
435,,12482,21.0,19.0,4.8
436,9.5,12485,14.0,0.0,0.0
437,7.9,12496,23.0,21.7,0.0
439,,12190,12.0,8.3,16.7
440,,12842,20.0,10.0,5.0
441,,12847,15.0,13.3,6.7
442,,13360,10.0,10.0,10.0
444,16.7,13324,52.0,19.2,11.5
445,24.2,13329,112.0,13.4,5.4
446,11.8,13340,228.0,11.4,7.9
447,25.9,13350,326.0,12.6,8.3
448,33.3,13357,416.0,11.3,9.6
449,,13361,35.0,8.8,0.0
450,19.9,13365,270.0,8.6,5.2
451,,13406,23.0,4.3,13.0
452,33.3,13407,160.0,13.1,6.9
453,10.4,13416,60.0,6.7,8.3
454,20.8,13420,23.0,13.0,4.3
455,4.6,13431,75.0,2.7,2.7
456,,13454,27.0,14.8,7.4
457,32.0,13491,118.0,6.0,1.7
459,36.8,13601,2222.0,10.6,7.2
460,10.8,13602,59.0,13.8,13.6
461,107.6,13603,1472.0,7.9,5.0
462,15.2,13605,188.0,10.1,4.8
463,35.5,13606,97.0,7.2,7.2
464,29.2,13607,54.0,15.1,14.8
465,16.4,13608,49.0,12.8,4.1
466,26.7,13612,133.0,12.0,10.5
467,53.6,13616,161.0,12.4,13.0
468,13.3,13618,50.0,20.0,16.0
469,25.7,13619,546.0,10.5,7.7
470,21.5,13622,62.0,5.0,1.6
471,14.3,13624,135.0,11.1,8.9
472,13.9,13634,125.0,13.7,6.4
473,36.0,13637,499.0,9.3,5.2
474,,13638,23.0,4.3,4.3
475,13.3,13650,40.0,5.0,2.5
476,45.8,13656,120.0,3.9,2.5
477,,13659,19.0,15.8,10.5
478,0.0,13661,52.0,14.0,9.6
479,,13665,39.0,12.8,5.1
480,35.7,13673,135.0,7.5,5.2
481,31.7,13679,61.0,8.2,6.6
482,10.1,13682,36.0,11.1,5.6
483,5.1,13685,81.0,7.4,4.9
484,28.2,13691,121.0,9.3,6.6
485,,13693,15.0,13.3,13.3
487,32.3,13325,30.0,16.7,10.0
488,9.8,13327,97.0,4.2,3.1
489,45.5,13343,69.0,7.5,7.2
490,,13345,12.0,8.3,8.3
491,19.8,13367,343.0,8.6,6.7
492,19.0,13368,38.0,13.2,13.2
493,53.6,13433,67.0,9.0,11.9
494,,13473,32.0,6.7,6.3
495,,13489,23.0,4.3,0.0
496,3.8,13620,97.0,7.3,8.2
497,20.1,13626,100.0,8.1,5.0
498,16.1,13648,63.0,11.3,6.3
500,13.1,14414,184.0,10.3,4.3
501,15.6,14423,122.0,8.2,3.3
502,3.5,14435,63.0,6.3,7.9
503,19.4,14437,262.0,11.5,6.1
504,1.1,14454,142.0,9.2,4.2
505,,14462,18.0,5.6,11.1
506,,14480,22.0,4.5,4.5
507,46.7,14481,65.0,10.8,7.7
508,14.7,14485,125.0,9.6,7.2
509,,14486,10.0,10.0,0.0
510,9.3,14487,123.0,9.8,6.5
511,22.6,14510,194.0,10.3,7.2
512,28.4,14517,71.0,11.3,4.2
513,10.6,14533,54.0,9.3,7.4
514,,14545,10.0,0.0,0.0
515,21.5,14560,56.0,8.9,8.9
516,19.6,14836,29.0,6.9,3.4
517,11.1,14846,16.0,6.3,6.3
519,13.6,13030,104.0,6.7,9.6
520,21.3,13032,384.0,9.1,6.0
521,4.5,13035,159.0,7.0,5.0
522,14.2,13037,275.0,6.9,4.7
523,20.2,13052,53.0,13.2,5.7
524,7.1,13061,26.0,0.0,0.0
525,38.1,13072,22.0,0.0,4.5
526,11.0,13082,107.0,13.1,10.3
527,6.8,13122,37.0,14.7,5.4
528,6.7,13310,26.0,23.1,19.2
529,19.8,13332,107.0,9.5,7.5
530,5.6,13334,56.0,7.4,8.9
531,1.8,13346,96.0,11.5,4.2
532,,13355,27.0,0.0,0.0
533,44.4,13402,47.0,6.4,6.4
534,4.7,13408,80.0,10.0,5.0
535,18.5,13409,83.0,9.6,6.0
536,,13418,12.0,16.7,16.7
537,30.1,13421,466.0,8.8,6.7
538,38.1,13485,75.0,13.5,6.7
540,4.3,14420,421.0,6.9,4.3
541,4.7,14428,224.0,6.7,3.6
542,6.9,14445,287.0,7.7,5.6
543,2.7,14450,1082.0,10.4,6.4
544,16.8,14464,225.0,13.8,10.7
545,3.2,14467,257.0,10.5,8.2
546,7.4,14468,477.0,10.3,6.9
547,2.1,14472,180.0,7.2,5.0
548,0.0,14506,19.0,26.3,10.5
549,7.1,14514,222.0,8.6,8.1
550,2.0,14526,565.0,8.8,6.5
551,0.3,14534,652.0,9.4,6.3
552,3.5,14543,71.0,5.6,4.2
553,7.1,14546,137.0,5.8,2.9
554,4.7,14559,473.0,8.9,6.3
555,6.6,14580,1390.0,9.3,5.8
556,7.3,14586,427.0,8.2,7.3
557,34.7,14604,44.0,13.6,11.4
558,60.6,14605,672.0,15.6,11.9
559,33.9,14606,1160.0,13.4,10.3
560,21.4,14607,315.0,7.3,7.6
561,72.2,14608,709.0,15.0,13.8
562,40.3,14609,2042.0,13.1,12.1
563,11.5,14610,410.0,7.3,4.1
564,56.6,14611,914.0,15.2,12.8
565,12.9,14612,1084.0,9.5,7.7
566,51.4,14613,822.0,11.8,11.6
567,51.3,14615,764.0,9.8,8.2
568,20.2,14616,1044.0,10.5,8.6
569,8.4,14617,728.0,8.4,4.9
570,0.7,14618,547.0,8.6,5.5
571,40.0,14619,671.0,11.9,10.7
572,26.6,14620,905.0,8.5,7.5
573,61.9,14621,1766.0,13.9,11.4
574,21.3,14622,364.0,9.6,5.8
575,3.6,14623,666.0,6.8,5.9
576,9.5,14624,1135.0,8.4,6.9
577,3.4,14625,292.0,8.2,5.5
578,12.1,14626,827.0,11.1,7.0
580,36.7,12010,973.0,9.8,6.2
581,13.4,12068,103.0,13.6,4.9
582,31.4,12070,38.0,15.8,18.4
583,18.3,12072,128.0,10.9,7.8
584,24.4,12086,41.0,17.1,12.2
585,0.0,12166,38.0,2.7,5.3
586,26.9,13317,119.0,10.1,5.0
587,25.5,13339,272.0,8.5,5.5
588,26.5,13428,78.0,3.8,0.0
589,20.1,13452,149.0,11.4,4.7
591,1.1,11001,786.0,7.6,6.2
592,7.3,11003,1360.0,11.3,8.7
593,2.2,11010,666.0,10.1,8.6
594,3.1,11020,109.0,5.5,6.4
595,2.0,11021,630.0,7.8,7.1
596,2.2,11023,344.0,9.0,4.7
597,1.1,11024,213.0,8.0,6.6
598,1.1,11030,415.0,12.3,5.3
599,2.0,11040,1055.0,8.4,8.4
600,3.5,11050,919.0,9.2,6.9
601,24.6,11096,371.0,13.3,7.3
602,5.0,11501,670.0,11.5,7.3
603,0.0,11507,177.0,8.0,4.5
604,0.0,11509,37.0,10.8,2.7
605,6.5,11510,981.0,13.7,9.2
606,4.3,11514,133.0,6.0,6.0
607,9.5,11516,390.0,5.7,6.2
608,4.0,11518,294.0,9.5,8.5
609,30.0,11520,1784.0,13.1,8.4
610,0.7,11530,751.0,9.9,6.9
611,17.1,11542,899.0,8.9,6.1
612,0.4,11545,256.0,9.4,5.1
613,0.0,11548,31.0,3.2,3.2
614,43.6,11550,3131.0,13.9,9.1
615,6.7,11552,775.0,12.0,7.9
616,33.0,11553,1219.0,15.1,12.5
617,3.5,11554,1083.0,9.0,7.7
618,2.3,11557,199.0,8.5,7.5
619,5.8,11558,254.0,15.7,12.6
620,2.6,11559,307.0,7.2,5.2
621,7.1,11560,171.0,11.1,7.6
622,8.5,11561,1084.0,11.5,8.1
623,2.5,11563,748.0,10.8,7.9
624,4.3,11565,240.0,8.8,5.0
625,1.4,11566,976.0,9.9,8.3
626,0.0,11568,54.0,14.8,7.4
627,4.6,11570,774.0,9.3,7.0
628,2.0,11572,844.0,11.0,8.6
629,39.7,11575,902.0,17.1,10.6
630,0.8,11576,256.0,8.6,5.1
631,1.5,11577,348.0,7.5,4.3
632,0.0,11579,109.0,7.4,6.4
633,6.5,11580,1194.0,13.1,9.4
634,4.6,11581,639.0,10.8,8.9
635,23.1,11590,2054.0,12.5,7.6
636,0.0,11596,277.0,5.8,6.5
637,0.0,11598,530.0,10.4,9.8
638,1.5,11709,120.0,12.6,6.7
639,3.8,11710,992.0,9.2,8.0
640,3.2,11714,634.0,7.9,6.2
641,0.0,11732,79.0,8.9,3.8
642,6.9,11735,973.0,11.3,6.6
643,0.0,11753,225.0,11.1,8.4
644,3.8,11756,1194.0,10.6,7.6
645,2.6,11758,1512.0,9.3,7.7
646,0.4,11762,682.0,8.7,5.9
647,,11765,10.0,50.0,50.0
648,2.8,11771,255.0,9.9,7.5
649,1.8,11783,613.0,8.0,4.9
650,0.4,11791,567.0,9.0,7.4
651,1.4,11793,908.0,11.5,7.9
652,0.0,11797,173.0,11.0,6.4
653,8.3,11801,1267.0,11.4,8.8
654,1.1,11803,721.0,10.1,8.9
655,0.0,11804,133.0,17.3,11.3
657,14.2,13054,51.0,11.8,13.7
658,14.8,13303,28.0,10.7,10.7
659,15.2,13304,34.0,2.9,2.9
660,27.2,13308,119.0,10.2,9.2
661,16.8,13309,178.0,11.2,7.3
662,24.0,13316,163.0,7.4,3.1
663,30.8,13318,51.0,5.9,7.8
664,,13319,31.0,6.5,12.9
665,25.0,13322,35.0,11.4,5.7
666,3.1,13323,217.0,7.4,4.1
667,0.0,13328,40.0,12.5,5.0
668,32.3,13338,30.0,10.0,3.3
669,14.9,13354,94.0,9.6,5.3
670,29.9,13363,83.0,4.8,7.2
671,9.5,13403,97.0,11.3,5.2
672,7.6,13413,372.0,8.1,6.5
673,49.2,13417,108.0,8.3,4.6
674,8.7,13424,57.0,15.8,8.8
675,14.7,13425,89.0,3.4,2.2
676,17.4,13438,123.0,8.9,2.4
677,37.7,13440,1468.0,12.3,8.5
678,10.0,13456,108.0,9.3,7.4
679,3.9,13461,91.0,12.1,9.9
680,,13469,29.0,17.2,10.3
681,16.4,13471,106.0,11.3,7.5
682,29.2,13476,104.0,8.8,6.7
683,38.8,13477,41.0,4.9,0.0
684,6.7,13478,90.0,8.9,4.4
685,11.2,13480,109.0,11.9,7.3
686,,13483,11.0,18.2,18.2
687,,13486,25.0,8.0,4.0
688,8.8,13490,25.0,16.0,4.0
689,7.4,13492,301.0,11.6,6.3
690,20.2,13495,56.0,16.1,7.1
691,42.7,13501,1939.0,17.1,9.7
692,33.0,13502,1243.0,13.3,9.8
694,10.2,13027,930.0,8.3,5.8
695,17.5,13029,229.0,9.6,5.7
696,5.4,13031,417.0,10.1,4.8
697,6.4,13039,462.0,8.2,5.4
698,10.7,13041,385.0,8.8,6.0
699,17.3,13057,401.0,9.2,4.7
700,22.4,13060,88.0,4.5,1.1
701,9.4,13063,62.0,4.8,6.5
702,5.0,13066,284.0,12.3,7.0
703,7.4,13078,233.0,9.4,6.9
704,16.1,13080,77.0,15.6,13.0
705,13.8,13084,148.0,6.1,8.8
706,14.4,13088,665.0,9.8,6.8
707,13.2,13090,1056.0,8.1,6.0
708,4.5,13104,356.0,6.2,3.7
709,0.0,13108,127.0,5.5,3.1
710,15.7,13110,47.0,6.4,6.4
711,22.2,13112,55.0,5.5,0.0
712,9.7,13116,132.0,4.5,7.6
713,64.7,13120,118.0,10.2,5.9
714,4.8,13152,134.0,8.2,6.0
715,6.9,13159,113.0,10.6,9.7
716,0.0,13164,119.0,7.6,3.4
717,98.9,13202,341.0,14.1,10.9
718,50.8,13203,770.0,10.1,9.6
719,84.4,13204,1137.0,12.0,10.0
720,65.4,13205,966.0,12.3,11.0
721,38.9,13206,665.0,13.2,10.2
722,48.1,13207,623.0,13.0,11.7
723,54.0,13208,1271.0,13.1,9.9
724,15.7,13209,433.0,9.9,6.7
725,5.0,13210,588.0,8.2,7.1
726,41.0,13211,263.0,13.3,6.5
727,20.5,13212,660.0,9.4,5.9
728,2.9,13214,242.0,12.0,8.3
729,2.6,13215,306.0,6.2,3.9
730,11.5,13219,507.0,10.8,6.3
731,34.6,13224,294.0,10.2,7.1
733,14.2,14424,742.0,10.1,8.0
734,13.8,14425,425.0,7.1,3.5
735,28.6,14432,168.0,16.1,8.9
736,18.6,14456,670.0,10.8,8.1
737,15.9,14466,46.0,13.0,8.7
738,11.6,14469,150.0,6.0,4.0
739,24.2,14471,65.0,13.8,4.6
740,19.6,14504,53.0,13.2,9.4
741,11.0,14512,91.0,12.1,3.3
742,13.0,14532,141.0,12.1,5.0
743,12.1,14548,116.0,12.1,9.5
744,14.7,14561,105.0,4.8,7.6
745,4.4,14564,353.0,7.6,5.9
747,2.0,10916,91.0,12.1,7.7
748,4.3,10917,67.0,12.1,4.5
749,4.8,10918,291.0,10.7,7.9
750,8.5,10919,31.0,9.7,6.5
751,13.3,10921,112.0,16.1,8.9
752,4.8,10924,305.0,9.5,5.6
753,2.3,10925,117.0,8.5,8.5
754,12.0,10926,117.0,11.1,12.8
755,13.3,10928,200.0,9.5,6.0
756,5.6,10930,214.0,9.8,7.5
757,26.1,10940,1919.0,12.9,9.1
758,11.0,10941,421.0,12.9,9.7
759,22.0,10950,4006.0,6.1,4.7
760,14.6,10958,87.0,10.3,10.3
761,13.9,10963,83.0,15.7,8.4
762,11.5,10969,35.0,11.4,2.9
763,13.9,10973,63.0,11.1,9.5
764,0.0,10987,50.0,4.1,10.0
765,2.2,10990,412.0,9.0,6.3
766,0.9,10992,220.0,10.5,5.9
767,3.5,10996,273.0,3.7,2.2
768,4.1,10998,93.0,18.3,10.8
769,1.4,12518,131.0,6.9,5.3
770,0.0,12520,71.0,12.7,8.5
771,19.4,12543,81.0,8.6,4.9
772,5.1,12549,269.0,8.2,6.7
773,27.9,12550,2300.0,12.5,9.3
774,12.2,12553,793.0,10.6,7.3
775,3.5,12575,55.0,9.1,9.1
776,3.9,12577,48.0,12.5,10.4
777,18.3,12586,435.0,7.6,7.8
778,31.1,12729,92.0,15.2,8.7
779,16.7,12746,26.0,19.2,7.7
780,29.5,12771,533.0,11.8,8.8
781,32.0,12780,57.0,5.3,7.0
783,42.5,14098,106.0,13.5,12.3
784,32.2,14103,340.0,7.4,6.5
785,33.7,14411,418.0,9.1,6.9
786,21.4,14470,223.0,12.6,8.5
787,18.0,14476,62.0,4.8,3.2
788,10.3,14477,39.0,12.8,7.7
789,0.0,14571,27.0,18.5,11.1
791,18.0,13028,39.0,12.8,7.7
792,21.6,13036,247.0,8.9,8.1
793,15.2,13042,62.0,8.1,9.7
794,4.4,13044,63.0,4.8,3.2
795,43.5,13069,977.0,10.4,7.7
796,35.3,13074,144.0,13.2,12.5
797,44.9,13076,68.0,10.3,4.4
798,14.3,13083,69.0,9.0,7.2
799,,13103,17.0,17.6,5.9
800,23.7,13114,214.0,12.2,8.9
801,14.8,13126,1054.0,8.7,6.5
802,25.3,13131,119.0,12.7,6.7
803,15.4,13132,107.0,9.3,7.5
804,18.3,13135,240.0,11.3,9.6
805,30.3,13142,204.0,12.4,5.9
806,85.5,13144,80.0,8.3,5.0
807,5.7,13145,67.0,4.5,4.5
808,22.4,13167,83.0,12.0,12.0
809,44.1,13302,78.0,12.8,5.1
810,,13437,11.0,0.0,0.0
811,30.7,13493,69.0,16.1,7.2
813,21.7,12116,64.0,7.8,4.7
814,11.7,12155,38.0,15.8,5.3
815,13.7,12197,53.0,0.0,5.7
816,40.7,13315,43.0,2.4,0.0
817,11.1,13320,50.0,16.0,4.0
818,6.6,13326,118.0,10.2,11.9
819,23.0,13335,66.0,3.1,1.5
820,,13337,14.0,14.3,7.1
821,30.3,13348,46.0,19.6,17.4
822,40.3,13439,134.0,8.2,6.7
823,,13468,13.0,0.0,0.0
824,,13488,12.0,25.0,25.0
825,,13776,13.0,0.0,23.1
826,0.0,13796,44.0,4.7,2.3
827,0.0,13807,40.0,15.0,7.5
828,6.0,13808,46.0,17.4,13.0
829,8.5,13810,21.0,4.8,9.5
830,3.3,13820,437.0,9.4,5.9
831,13.3,13825,113.0,13.3,6.2
832,14.3,13849,124.0,9.7,8.1
833,,13861,16.0,6.3,0.0
835,6.3,10509,552.0,11.9,7.2
836,4.3,10512,647.0,14.4,9.0
837,0.0,10516,115.0,12.3,7.8
838,0.0,10524,80.0,6.3,7.5
839,30.3,10537,64.0,4.8,3.1
840,4.1,10541,611.0,13.4,10.1
841,2.2,10579,226.0,7.6,5.3
842,1.4,12563,162.0,10.1,11.7
844,7.1,11004,457.0,14.0,11.4
845,20.4,11101,1276.0,10.9,9.0
846,30.8,11102,1319.0,9.8,8.2
847,10.9,11103,1224.0,9.0,6.2
848,10.1,11104,1032.0,9.3,6.0
849,2.1,11105,1221.0,8.9,6.6
850,21.3,11106,1462.0,11.1,7.7
851,,11109,436.0,10.1,7.6
852,11.3,11354,2036.0,6.7,5.2
853,11.4,11355,4300.0,6.4,5.2
854,9.8,11356,1063.0,8.3,5.8
855,2.7,11357,1200.0,9.4,7.0
856,5.9,11358,1251.0,9.7,7.0
857,2.8,11360,544.0,8.1,8.5
858,4.2,11361,840.0,9.5,7.1
859,1.5,11362,464.0,9.1,6.5
860,1.6,11363,171.0,8.8,8.2
861,2.6,11364,969.0,7.5,6.9
862,7.1,11365,1633.0,8.1,6.7
863,3.4,11366,491.0,7.9,4.9
864,9.7,11367,2476.0,7.9,6.6
865,44.0,11368,6510.0,10.9,6.7
866,28.2,11369,1591.0,10.1,7.4
867,14.5,11370,1103.0,9.3,7.6
868,24.2,11372,2854.0,9.5,6.9
869,18.9,11373,4554.0,10.7,7.3
870,5.5,11374,1828.0,8.2,6.7
871,6.1,11375,2924.0,7.8,6.4
872,18.8,11377,3524.0,10.0,7.4
873,12.3,11378,1305.0,9.8,5.1
874,5.5,11379,1079.0,7.8,5.3
875,25.6,11385,4245.0,10.2,7.3
876,11.3,11411,584.0,15.6,12.0
877,18.1,11412,1206.0,13.4,11.9
878,16.2,11413,1283.0,12.7,11.3
879,8.9,11414,731.0,11.4,7.1
880,10.7,11415,838.0,11.1,7.2
881,16.8,11416,1139.0,11.6,9.6
882,18.5,11417,1088.0,10.9,8.3
883,19.6,11418,1599.0,11.7,9.9
884,20.0,11419,1742.0,12.7,11.4
885,14.0,11420,1632.0,12.5,12.4
886,22.2,11421,1597.0,8.2,6.2
887,13.5,11422,1082.0,14.3,11.6
888,13.6,11423,1122.0,12.0,9.6
889,3.1,11426,576.0,11.0,12.5
890,7.5,11427,757.0,13.6,13.2
891,11.0,11428,661.0,15.5,13.2
892,10.5,11429,880.0,13.2,11.4
893,12.9,11432,2654.0,11.6,10.1
894,29.2,11433,1521.0,15.0,13.3
895,21.0,11434,2264.0,14.3,11.1
896,23.7,11435,2602.0,11.3,9.6
897,17.2,11436,733.0,13.9,9.8
898,26.7,11691,3128.0,11.3,8.2
899,21.5,11692,830.0,13.9,11.6
900,22.2,11693,428.0,12.3,7.5
901,4.3,11694,510.0,10.6,7.3
902,3.2,11697,90.0,12.4,8.9
904,5.1,12018,185.0,10.3,5.4
905,53.8,12022,29.0,13.8,6.9
906,7.4,12028,12.0,16.7,16.7
907,7.0,12033,196.0,8.2,6.1
908,8.3,12052,39.0,12.8,7.7
909,7.9,12061,252.0,9.1,6.0
910,15.6,12062,46.0,6.5,4.3
911,6.1,12090,93.0,20.4,12.9
912,23.5,12094,84.0,7.1,7.1
913,9.5,12121,39.0,10.3,2.6
914,21.8,12123,170.0,7.6,7.1
915,3.5,12138,44.0,9.1,4.5
916,11.7,12140,42.0,2.4,2.4
917,13.4,12144,672.0,11.6,8.8
918,11.1,12153,34.0,20.6,14.7
919,3.3,12154,70.0,8.6,7.1
920,22.2,12156,21.0,9.5,4.8
921,25.3,12168,40.0,7.7,10.0
922,,12169,10.0,10.0,0.0
923,24.4,12180,1973.0,11.3,7.7
924,25.5,12182,480.0,12.3,9.4
925,8.4,12185,42.0,7.1,7.1
926,9.9,12196,68.0,10.3,4.4
927,7.8,12198,220.0,14.6,12.7
929,21.1,10301,1518.0,11.4,9.0
930,39.3,10302,867.0,16.7,10.4
931,25.6,10303,1086.0,13.3,10.4
932,21.5,10304,1710.0,11.6,9.5
933,10.5,10305,1455.0,8.5,6.5
934,7.6,10306,1585.0,10.1,6.0
935,1.9,10307,379.0,8.7,6.9
936,2.8,10308,763.0,10.6,7.6
937,4.7,10309,986.0,10.0,7.9
938,26.0,10310,1068.0,12.1,9.0
939,2.6,10312,1764.0,10.2,6.4
940,6.2,10314,2691.0,10.9,7.3
942,3.4,10901,558.0,9.0,5.7
943,1.0,10913,84.0,9.5,7.1
944,3.1,10920,202.0,9.5,6.4
945,9.5,10923,327.0,6.7,7.6
946,38.0,10927,553.0,9.0,6.5
947,9.8,10931,20.0,20.0,5.0
948,18.5,10952,4173.0,4.2,3.7
949,5.1,10954,706.0,9.7,7.5
950,2.4,10956,604.0,9.1,6.8
951,8.2,10960,426.0,8.2,5.6
952,1.0,10962,105.0,9.5,7.6
953,6.3,10964,22.0,10.0,13.6
954,0.6,10965,317.0,8.5,6.0
955,6.8,10968,50.0,4.0,6.0
956,11.0,10970,355.0,8.2,7.3
957,2.8,10974,64.0,7.8,6.3
958,3.9,10976,30.0,3.3,0.0
959,27.0,10977,4709.0,7.8,5.6
960,5.7,10980,331.0,11.2,7.6
961,1.7,10983,122.0,7.4,9.0
962,0.0,10984,64.0,12.5,4.7
963,0.0,10986,40.0,15.4,2.5
964,1.3,10989,218.0,16.7,9.6
965,12.6,10993,161.0,9.9,5.6
966,1.3,10994,141.0,12.2,12.8
968,,12965,24.0,4.3,0.0
969,25.2,12967,61.0,7.3,6.6
970,32.5,13613,93.0,10.9,9.7
971,,13614,15.0,14.3,13.3
972,4.4,13617,236.0,8.1,4.7
973,,13621,20.0,25.0,5.0
974,6.4,13625,50.0,8.0,10.0
975,16.9,13630,68.0,13.5,4.4
976,,13633,14.0,0.0,0.0
977,43.5,13635,38.0,21.1,7.9
978,40.8,13642,437.0,8.9,4.8
979,35.1,13646,70.0,12.9,10.0
980,33.3,13652,68.0,9.0,2.9
981,7.4,13654,141.0,13.0,7.1
982,26.7,13658,94.0,9.5,6.4
983,16.9,13660,74.0,9.5,8.1
984,35.5,13662,544.0,9.9,6.3
985,,13666,15.0,13.3,6.7
986,31.9,13667,132.0,12.4,9.1
987,15.6,13668,113.0,9.3,6.2
988,29.4,13669,501.0,11.5,8.2
989,,13672,18.0,11.1,11.1
990,3.1,13676,359.0,5.8,5.8
991,13.6,13680,66.0,16.4,4.5
992,43.9,13681,43.0,10.8,9.3
993,27.8,13684,32.0,6.3,0.0
994,,13690,21.0,0.0,4.8
995,0.0,13694,46.0,6.5,2.2
996,24.2,13697,79.0,6.4,5.1
998,2.0,12019,379.0,8.7,4.5
999,13.4,12020,1054.0,9.9,6.8
1000,4.9,12027,88.0,11.4,6.8
1001,3.7,12065,1291.0,9.8,7.7
1002,7.9,12074,75.0,10.7,8.0
1003,15.5,12118,553.0,7.4,5.4
1004,0.0,12148,140.0,7.1,5.0
1005,,12151,20.0,0.0,0.0
1006,18.5,12170,113.0,8.0,2.7
1007,16.0,12188,379.0,11.1,8.2
1008,17.9,12803,341.0,5.0,3.5
1009,24.2,12822,202.0,10.4,8.9
1010,7.2,12831,435.0,7.6,6.2
1011,12.8,12833,120.0,7.5,4.2
1012,25.6,12835,67.0,10.4,6.0
1013,31.0,12850,91.0,8.8,4.4
1014,18.8,12859,66.0,4.5,3.0
1015,,12863,41.0,14.6,9.8
1016,7.2,12866,1002.0,8.5,5.9
1017,15.2,12871,189.0,9.5,4.2
1019,,12008,12.0,16.7,16.7
1020,8.7,12053,115.0,10.4,7.8
1021,4.1,12056,49.0,10.2,4.1
1022,21.7,12137,37.0,13.5,5.4
1023,,12150,16.0,6.3,12.5
1024,9.6,12302,734.0,8.2,5.3
1025,28.5,12303,1007.0,11.5,7.7
1026,38.7,12304,842.0,9.3,6.8
1027,9.4,12305,173.0,16.2,13.3
1028,23.1,12306,812.0,9.6,8.0
1029,74.9,12307,521.0,13.6,12.9
1030,44.5,12308,678.0,11.7,8.4
1031,3.9,12309,848.0,10.3,6.4
1033,,12035,34.0,2.9,8.8
1034,5.0,12043,183.0,9.3,6.6
1035,4.9,12066,60.0,8.3,6.7
1036,0.0,12076,23.0,0.0,4.3
1037,9.0,12092,29.0,3.4,3.4
1038,13.9,12093,34.0,5.9,8.8
1039,12.3,12122,91.0,11.1,7.7
1040,11.8,12149,79.0,8.9,3.8
1041,10.5,12157,105.0,4.8,4.8
1042,0.0,12160,18.0,11.1,0.0
1043,,12175,24.0,0.0,0.0
1044,,12187,20.0,0.0,10.0
1045,,12194,10.0,20.0,10.0
1046,33.8,13459,49.0,6.1,12.2
1048,24.4,14805,36.0,2.8,2.8
1049,32.4,14812,113.0,11.5,6.2
1050,50.5,14815,24.0,12.5,12.5
1051,31.4,14818,50.0,12.0,10.0
1052,,14824,32.0,9.4,9.4
1053,,14841,22.0,13.6,9.1
1054,24.5,14865,76.0,1.3,1.3
1055,27.8,14869,44.0,20.5,13.6
1056,20.8,14878,24.0,12.5,8.3
1057,14.7,14891,106.0,15.2,8.5
1059,23.9,13148,334.0,9.6,7.2
1060,18.7,13165,388.0,11.6,8.5
1061,16.7,14521,121.0,8.3,6.6
1062,6.9,14541,97.0,7.2,3.1
1063,5.2,14847,80.0,11.3,5.0
1064,39.2,14860,39.0,15.4,5.1
1066,22.2,14572,147.0,7.5,6.1
1067,30.3,14801,239.0,15.5,9.6
1068,30.6,14807,79.0,3.8,3.8
1069,,14808,18.0,5.6,5.6
1070,28.3,14809,99.0,10.1,10.1
1071,39.8,14810,372.0,10.2,7.3
1072,,14819,30.0,16.7,10.0
1073,,14820,23.0,13.0,0.0
1074,29.4,14821,92.0,14.1,8.7
1075,22.4,14823,138.0,12.3,9.4
1076,12.8,14826,47.0,12.8,6.4
1077,22.6,14830,670.0,11.9,6.7
1078,,14839,32.0,9.4,3.1
1079,20.8,14840,52.0,7.7,11.5
1080,33.3,14843,453.0,7.7,6.0
1081,16.7,14855,64.0,7.8,0.0
1082,42.3,14858,66.0,9.1,6.1
1083,23.3,14870,297.0,10.8,5.7
1084,31.1,14873,78.0,10.3,6.4
1085,,14877,16.0,6.3,12.5
1086,36.0,14879,93.0,9.7,6.5
1087,32.3,14885,34.0,8.8,8.8
1088,16.9,14898,68.0,5.9,7.4
1090,29.7,11701,1129.0,15.2,10.8
1091,6.0,11702,416.0,12.0,6.3
1092,5.9,11703,523.0,15.1,9.0
1093,12.0,11704,1308.0,14.4,8.8
1094,4.6,11705,195.0,11.3,7.2
1095,20.6,11706,2571.0,13.3,8.4
1096,31.6,11713,464.0,15.1,7.1
1097,4.3,11715,132.0,9.1,6.1
1098,6.1,11716,264.0,10.6,9.5
1099,42.0,11717,3328.0,13.3,7.8
1100,3.0,11718,90.0,7.8,2.2
1101,3.5,11719,78.0,7.7,3.8
1102,4.8,11720,793.0,11.7,7.6
1103,1.4,11721,111.0,6.3,3.6
1104,39.3,11722,1885.0,12.8,8.5
1105,0.0,11724,66.0,12.1,7.6
1106,1.3,11725,695.0,10.5,7.2
1107,35.8,11726,927.0,16.0,8.8
1108,11.9,11727,1020.0,13.2,8.1
1109,10.4,11729,852.0,12.5,7.2
1110,2.9,11730,390.0,13.6,9.2
1111,3.8,11731,713.0,6.6,4.3
1112,2.4,11733,315.0,11.4,7.6
1113,8.6,11738,523.0,11.7,5.5
1114,2.0,11740,206.0,5.3,4.4
1115,2.5,11741,792.0,12.2,7.3
1116,2.1,11742,398.0,10.1,6.5
1117,3.8,11743,1049.0,9.5,6.6
1118,13.4,11746,2260.0,10.0,6.9
1119,2.1,11747,382.0,11.5,7.1
1120,17.7,11749,106.0,12.3,13.2
1121,4.4,11751,412.0,10.4,7.0
1122,4.7,11752,273.0,14.7,8.8
1123,3.1,11754,444.0,8.6,7.9
1124,0.8,11755,309.0,12.9,8.1
1125,7.7,11757,1328.0,12.5,6.6
1126,9.1,11763,914.0,12.6,7.4
1127,2.8,11764,321.0,15.0,10.6
1128,0.7,11766,261.0,11.5,5.7
1129,2.0,11767,386.0,11.7,9.8
1130,0.9,11768,399.0,8.0,4.3
1131,1.8,11769,175.0,9.2,5.7
1132,17.9,11772,1612.0,11.2,7.7
1133,9.6,11776,847.0,10.7,5.7
1134,4.7,11777,210.0,8.6,6.7
1135,5.7,11778,402.0,8.7,5.5
1136,7.2,11779,1194.0,12.9,9.0
1137,1.7,11780,303.0,12.9,9.2
1138,1.9,11782,370.0,12.2,6.8
1139,9.2,11784,862.0,13.0,7.8
1140,2.9,11786,140.0,10.7,10.0
1141,1.6,11787,810.0,11.4,7.8
1142,1.7,11788,395.0,9.4,7.3
1143,2.5,11789,254.0,10.2,6.7
1144,0.3,11790,284.0,10.9,6.7
1145,4.5,11792,193.0,7.8,4.1
1146,1.8,11795,636.0,10.2,6.4
1147,5.5,11796,79.0,12.7,7.6
1148,42.3,11798,909.0,18.3,11.8
1149,29.5,11901,1142.0,12.2,7.5
1150,27.5,11933,161.0,6.2,5.0
1151,12.8,11934,243.0,10.3,7.0
1152,6.7,11935,53.0,13.2,5.7
1153,20.9,11937,592.0,8.4,5.1
1154,,11939,11.0,27.3,0.0
1155,0.0,11940,120.0,7.5,5.0
1156,8.5,11941,101.0,6.9,4.0
1157,5.8,11942,139.0,10.1,3.6
1158,30.6,11944,156.0,15.4,6.4
1159,12.2,11946,484.0,10.7,6.2
1160,27.0,11948,24.0,8.3,4.2
1161,2.9,11949,323.0,12.1,7.1
1162,16.0,11950,644.0,13.5,10.1
1163,23.6,11951,531.0,12.6,9.8
1164,2.1,11952,106.0,12.3,6.6
1165,18.4,11953,450.0,12.4,8.9
1166,10.3,11954,96.0,10.4,4.2
1167,10.1,11955,119.0,14.4,9.2
1168,,11958,18.0,16.7,11.1
1169,17.3,11961,338.0,11.8,6.2
1170,8.3,11963,219.0,9.6,6.8
1171,0.0,11964,36.0,8.3,8.3
1172,,11965,11.0,9.1,0.0
1173,19.3,11967,970.0,12.5,8.0
1174,6.7,11968,373.0,11.0,7.5
1175,6.1,11971,115.0,11.3,7.0
1176,0.0,11976,34.0,8.8,11.8
1177,9.0,11977,52.0,15.4,11.5
1178,19.4,11978,116.0,12.9,5.2
1179,21.6,11980,126.0,12.0,8.7
1181,45.4,12701,482.0,18.7,14.3
1182,0.0,12719,32.0,21.9,6.3
1183,23.5,12721,224.0,7.6,4.9
1184,0.0,12723,37.0,8.3,13.5
1185,,12726,31.0,12.9,9.7
1186,0.0,12733,101.0,5.0,0.0
1187,33.3,12734,23.0,8.7,8.7
1188,5.3,12737,49.0,16.7,10.2
1189,4.8,12740,34.0,8.8,5.9
1190,,12741,10.0,0.0,0.0
1191,12.1,12747,47.0,8.5,8.5
1192,11.9,12748,61.0,13.1,16.4
1193,,12751,93.0,9.7,2.2
1194,,12752,11.0,0.0,9.1
1195,29.0,12754,265.0,9.8,6.4
1196,23.3,12758,114.0,12.4,7.0
1197,,12759,96.0,10.4,8.3
1198,,12762,13.0,15.4,15.4
1199,,12763,24.0,0.0,8.3
1200,14.2,12764,37.0,18.9,16.2
1201,,12765,16.0,25.0,12.5
1202,,12766,12.0,8.3,0.0
1203,,12768,25.0,24.0,12.0
1204,13.9,12775,70.0,14.3,8.6
1205,9.4,12776,44.0,15.9,11.4
1206,30.0,12779,142.0,16.2,10.6
1207,18.0,12783,51.0,15.7,15.7
1208,,12786,22.0,4.5,0.0
1209,34.5,12788,75.0,8.0,10.7
1210,42.3,12789,76.0,14.5,7.9
1211,4.2,12790,132.0,11.4,4.5
1212,,12791,24.0,0.0,8.3
1214,11.9,13732,219.0,8.3,9.6
1215,36.1,13734,66.0,6.2,3.0
1216,57.6,13736,72.0,13.9,15.3
1217,23.3,13743,140.0,10.1,7.1
1218,23.4,13811,128.0,16.4,11.7
1219,29.5,13812,70.0,2.9,2.9
1220,17.9,13827,312.0,9.7,7.4
1221,39.7,13835,57.0,12.3,5.3
1222,32.3,13864,36.0,0.0,0.0
1223,27.0,14859,29.0,6.9,3.4
1224,20.7,14883,116.0,15.7,8.6
1225,26.9,14892,277.0,7.7,9.0
1227,2.9,13053,121.0,9.1,6.6
1228,18.6,13068,183.0,14.2,8.2
1229,17.1,13073,216.0,7.9,7.4
1230,21.9,14817,91.0,7.7,4.4
1231,3.9,14850,1564.0,9.3,6.1
1232,27.5,14867,207.0,13.5,8.7
1233,7.0,14882,108.0,13.0,6.5
1234,18.3,14886,158.0,7.6,5.7
1236,28.3,12401,1253.0,10.5,7.3
1237,11.8,12404,89.0,3.4,5.6
1238,,12409,12.0,16.7,8.3
1239,,12412,10.0,40.0,0.0
1240,,12419,14.0,7.1,7.1
1241,16.4,12428,208.0,12.0,5.8
1242,0.0,12440,18.0,0.0,0.0
1243,5.9,12443,87.0,13.8,8.0
1244,17.3,12446,163.0,14.1,8.6
1245,16.1,12449,84.0,6.0,4.8
1246,,12456,14.0,14.3,7.1
1247,,12457,15.0,6.7,13.3
1248,8.9,12458,49.0,8.2,2.0
1249,0.0,12461,28.0,7.1,10.7
1250,,12464,18.0,5.6,0.0
1251,12.7,12466,83.0,9.6,10.8
1252,11.7,12472,47.0,8.5,4.3
1253,8.7,12477,532.0,9.8,6.4
1254,,12480,13.0,7.7,0.0
1255,8.3,12481,25.0,12.0,8.0
1256,0.0,12484,55.0,18.5,12.7
1257,9.5,12486,39.0,10.3,2.6
1258,3.0,12487,113.0,6.2,7.1
1259,13.6,12491,31.0,3.2,3.2
1260,0.0,12498,69.0,5.8,2.9
1261,0.0,12515,34.0,0.0,0.0
1262,2.9,12525,84.0,17.9,7.1
1263,10.4,12528,420.0,8.8,6.0
1264,22.0,12542,168.0,15.5,12.5
1265,3.5,12547,73.0,2.7,9.6
1266,22.7,12548,39.0,7.7,5.1
1267,1.8,12561,298.0,8.4,5.0
1268,11.7,12566,288.0,10.4,6.9
1269,11.5,12589,366.0,8.2,5.7
1271,33.7,12801,532.0,12.2,6.8
1272,9.2,12804,657.0,9.0,5.6
1273,,12810,17.0,0.0,0.0
1274,8.1,12814,18.0,0.0,0.0
1275,,12815,30.0,10.0,10.0
1276,10.1,12817,59.0,5.1,6.8
1277,,12836,10.0,10.0,0.0
1278,55.6,12843,34.0,5.9,14.7
1279,2.2,12845,97.0,9.3,4.1
1280,9.4,12846,79.0,1.3,6.3
1281,0.0,12853,29.0,6.9,6.9
1282,,12860,24.0,8.3,0.0
1283,30.5,12885,138.0,8.7,6.5
1285,19.0,12057,31.0,6.5,3.2
1286,21.6,12809,87.0,20.7,12.6
1287,12.6,12816,74.0,9.6,5.4
1288,20.8,12827,122.0,17.2,6.6
1289,16.7,12828,205.0,11.7,9.3
1290,32.9,12832,161.0,7.5,3.7
1291,10.0,12834,159.0,15.7,7.5
1292,44.4,12837,25.0,16.0,4.0
1293,,12838,18.0,0.0,0.0
1294,26.9,12839,504.0,11.1,7.1
1295,,12849,11.0,9.1,9.1
1296,,12861,15.0,20.0,6.7
1297,25.2,12865,71.0,14.1,8.5
1298,22.5,12887,140.0,12.9,10.0
1300,45.6,13143,97.0,9.3,5.2
1301,38.8,13146,82.0,14.6,12.2
1302,32.5,14433,218.0,6.0,7.3
1303,32.4,14489,271.0,13.7,8.1
1304,3.5,14502,339.0,10.4,6.8
1305,3.5,14505,160.0,10.0,8.8
1306,24.7,14513,441.0,9.3,6.3
1307,32.4,14516,69.0,15.9,13.0
1308,8.6,14519,304.0,9.5,5.3
1309,13.6,14522,259.0,10.0,7.7
1310,34.4,14551,163.0,13.5,7.4
1311,,14555,18.0,11.1,5.6
1312,12.5,14568,184.0,8.7,6.0
1313,23.0,14589,222.0,11.3,5.9
1314,27.1,14590,150.0,8.7,4.0
1316,0.0,10501,26.0,11.5,7.7
1317,0.0,10502,113.0,5.4,6.2
1318,0.0,10504,143.0,6.7,7.7
1319,,10505,14.0,7.7,7.1
1320,0.0,10506,118.0,9.9,5.1
1321,7.0,10507,258.0,7.8,5.4
1322,0.0,10510,201.0,11.7,7.5
1323,6.6,10511,64.0,9.4,7.8
1324,0.0,10514,222.0,11.2,10.4
1325,0.0,10518,26.0,19.2,15.4
1326,0.0,10520,304.0,11.2,6.6
1327,2.1,10522,258.0,13.7,7.0
1328,7.9,10523,392.0,10.1,7.7
1329,0.0,10526,31.0,6.9,6.5
1330,18.5,10527,20.0,25.0,15.0
1331,1.6,10528,355.0,8.4,5.4
1332,1.3,10530,417.0,13.7,9.8
1333,0.0,10532,131.0,4.7,3.8
1334,0.0,10533,183.0,12.7,9.3
1335,,10535,17.0,17.6,11.8
1336,0.8,10536,205.0,7.9,5.4
1337,0.0,10538,528.0,8.7,4.7
1338,5.7,10543,660.0,10.6,7.9
1339,0.0,10546,18.0,16.7,11.1
1340,4.2,10547,221.0,13.6,9.5
1341,12.2,10548,146.0,9.6,8.2
1342,6.9,10549,594.0,10.9,6.6
1343,27.2,10550,1661.0,15.0,10.8
1344,4.0,10552,707.0,11.6,7.5
1345,17.9,10553,341.0,12.7,10.9
1346,0.0,10560,97.0,3.1,2.1
1347,17.3,10562,1265.0,11.1,7.4
1348,34.5,10566,1088.0,10.5,8.3
1349,3.3,10567,443.0,11.8,7.7
1350,1.1,10570,311.0,12.2,8.7
1351,17.4,10573,1492.0,10.7,5.8
1352,0.0,10576,79.0,8.6,7.6
1353,0.0,10577,53.0,12.5,5.7
1354,0.0,10578,17.0,0.0,0.0
1355,0.0,10580,410.0,8.9,4.1
1356,0.2,10583,866.0,9.8,5.7
1357,3.7,10588,49.0,10.2,8.2
1358,0.0,10589,129.0,13.4,9.3
1359,0.0,10590,111.0,5.3,3.6
1360,11.0,10591,810.0,9.9,9.0
1361,1.8,10594,129.0,9.4,6.2
1362,1.6,10595,159.0,9.6,8.2
1363,0.0,10597,17.0,12.5,5.9
1364,1.6,10598,635.0,10.2,8.2
1365,25.3,10601,504.0,12.7,7.7
1366,14.8,10603,630.0,13.4,8.7
1367,4.3,10604,379.0,13.9,11.6
1368,3.9,10605,605.0,14.9,7.9
1369,23.4,10606,721.0,13.5,6.2
1370,7.0,10607,242.0,10.3,6.2
1371,34.8,10701,3061.0,13.3,9.2
1372,23.9,10703,766.0,12.1,7.8
1373,14.3,10704,1193.0,10.1,7.0
1374,30.5,10705,1730.0,13.0,8.6
1375,2.1,10706,161.0,13.7,8.7
1376,1.1,10707,368.0,13.4,5.4
1377,0.7,10708,684.0,10.9,7.5
1378,0.0,10709,222.0,10.1,4.5
1379,9.8,10710,846.0,11.5,8.4
1380,18.1,10801,1601.0,11.4,8.1
1381,2.1,10803,318.0,8.5,4.4
1382,0.0,10804,374.0,13.4,8.6
1383,9.4,10805,592.0,12.7,9.0
1385,17.9,14009,167.0,9.6,2.4
1386,15.2,14011,183.0,12.6,7.1
1387,19.3,14024,54.0,5.8,5.6
1388,0.0,14037,23.0,4.3,0.0
1389,11.5,14066,42.0,7.1,2.4
1390,,14082,22.0,4.5,9.1
1391,,14113,19.0,0.0,0.0
1392,0.0,14145,37.0,2.7,2.7
1393,7.4,14167,41.0,12.2,2.4
1394,22.6,14427,80.0,8.8,7.5
1395,15.2,14530,179.0,10.1,7.3
1396,,14536,24.0,0.0,0.0
1397,31.0,14550,51.0,9.8,7.8
1398,16.8,14569,173.0,11.6,10.4
1399,5.6,14591,45.0,6.7,4.4
1401,13.6,14418,50.0,4.0,8.0
1402,0.0,14478,22.0,9.1,4.5
1403,0.0,14507,33.0,3.0,0.0
1404,12.9,14527,493.0,4.1,3.0
1405,8.7,14544,69.0,5.8,1.4
1406,10.6,14837,220.0,9.1,7.7
1407,0.0,14842,35.0,0.0,0.0
1409,35.7,10451,2322.0,11.6,8.5
1410,37.6,10452,4064.0,11.6,8.6
1411,34.9,10453,4132.0,11.9,8.3
1412,36.5,10454,1982.0,12.3,8.7
1413,37.7,10455,2111.0,10.9,8.7
1414,41.3,10456,4812.0,12.4,10.2
1415,39.8,10457,4100.0,13.9,10.4
1416,33.1,10458,4078.0,12.8,10.0
1417,36.1,10459,2414.0,11.8,9.4
1418,31.7,10460,2766.0,13.2,10.5
1419,20.4,10461,1940.0,11.4,9.2
1420,25.4,10462,3662.0,10.7,9.3
1421,16.7,10463,2673.0,10.3,8.2
1422,8.8,10464,84.0,9.8,7.1
1423,13.3,10465,1202.0,11.2,7.7
1424,24.2,10466,2721.0,12.4,10.3
1425,29.2,10467,4480.0,11.8,9.3
1426,36.2,10468,3744.0,11.7,8.9
1427,21.4,10469,2367.0,10.8,9.8
1428,26.5,10470,629.0,10.8,9.1
1429,3.3,10471,680.0,7.2,6.5
1430,35.4,10472,3313.0,12.4,8.4
1431,24.3,10473,2117.0,13.5,11.4
1432,34.9,10474,610.0,12.7,8.2
1433,11.7,10475,934.0,14.5,12.5
1435,7.6,11201,2929.0,10.2,8.2
1436,13.9,11203,2753.0,14.9,12.3
1437,13.1,11204,4587.0,8.4,6.2
1438,18.3,11205,2963.0,8.3,6.7
1439,25.8,11206,4478.0,8.9,6.5
1440,30.3,11207,4158.0,14.2,11.2
1441,28.8,11208,4617.0,13.6,10.4
1442,12.9,11209,3043.0,10.4,7.4
1443,13.4,11210,2831.0,11.9,9.3
1444,26.7,11211,6600.0,7.2,5.0
1445,30.5,11212,3996.0,16.2,11.9
1446,21.6,11213,3270.0,10.7,8.3
1447,10.9,11214,3692.0,9.0,6.3
1448,11.1,11215,3182.0,7.7,5.2
1449,27.5,11216,1874.0,13.1,10.1
1450,23.9,11217,1758.0,10.0,7.7
1451,17.8,11218,4282.0,9.3,7.2
1452,20.2,11219,8896.0,6.6,4.7
1453,30.3,11220,8712.0,8.2,5.3
1454,28.1,11221,3210.0,13.6,9.8
1455,13.5,11222,1208.0,8.1,6.4
1456,20.9,11223,3735.0,9.7,6.9
1457,25.8,11224,1489.0,14.1,10.9
1458,14.5,11225,2379.0,12.2,8.8
1459,24.4,11226,4433.0,14.8,10.8
1460,8.7,11228,1549.0,9.3,6.5
1461,10.3,11229,3002.0,9.7,7.1
1462,15.8,11230,5005.0,8.7,6.6
1463,18.3,11231,1858.0,9.6,7.4
1464,37.3,11232,1448.0,10.7,7.9
1465,27.1,11233,2812.0,13.8,11.3
1466,8.7,11234,3052.0,11.8,8.5
1467,13.3,11235,3039.0,10.5,6.5
1468,13.8,11236,3469.0,15.0,11.7
1469,37.1,11237,2289.0,11.8,6.9
1470,25.7,11238,2194.0,10.2,8.2
1471,19.2,11239,394.0,14.8,11.2
1473,5.7,10001,527.0,10.5,11.0
1474,17.7,10002,3044.0,8.9,6.6
1475,0.6,10003,1268.0,9.7,8.7
1476,0.0,10004,195.0,8.7,6.7
1477,0.0,10005,364.0,10.7,6.0
1478,,10006,141.0,10.6,14.2
1479,0.0,10007,1107.0,10.4,7.0
1480,18.4,10009,1313.0,9.8,8.0
1481,1.2,10010,961.0,9.8,8.6
1482,4.7,10011,1361.0,10.6,8.7
1483,2.9,10012,556.0,8.5,6.3
1484,2.0,10013,1247.0,11.0,7.9
1485,3.2,10014,819.0,9.8,7.8
1486,4.7,10016,1671.0,9.4,9.3
1487,3.4,10017,493.0,9.6,8.1
1488,3.0,10018,223.0,5.8,4.0
1489,15.8,10019,1419.0,9.6,8.9
1490,0.6,10021,1899.0,11.3,8.1
1491,2.3,10022,1002.0,10.7,8.0
1492,3.8,10023,3031.0,8.4,7.7
1493,5.1,10024,2138.0,10.0,8.4
1494,8.6,10025,2932.0,10.1,8.8
1495,19.7,10026,1430.0,12.6,9.9
1496,9.5,10027,2065.0,11.6,10.3
1497,6.6,10028,1472.0,8.9,7.1
1498,23.7,10029,2839.0,13.1,10.4
1499,26.7,10030,1086.0,15.5,11.9
1500,22.2,10031,1990.0,10.6,8.0
1501,30.2,10032,2112.0,12.1,8.6
1502,25.7,10033,2029.0,10.6,8.5
1503,22.8,10034,1553.0,9.7,6.7
1504,30.6,10035,1417.0,13.3,10.5
1505,7.9,10036,641.0,9.1,6.2
1506,24.2,10037,685.0,12.2,8.9
1507,6.0,10038,711.0,11.2,6.8
1508,26.2,10039,1127.0,13.3,8.9
1509,24.7,10040,1641.0,11.1,7.9
1510,3.7,10044,416.0,10.4,5.0
1511,2.2,10065,1359.0,9.9,8.9
1512,1.6,10075,836.0,10.6,7.5
1513,2.5,10128,2098.0,10.0,7.7
1514,0.0,10280,441.0,7.5,6.3
